Move_Type,N_FC,N_CL,Arousal_FC,Arousal_CL,Arousal_p,Arousal_d,Valence_FC,Valence_CL,Valence_p,Valence_d
Concession,1419,1158,0.010552137222042646,0.17260418666104937,4.99095764650837e-138,1.0537614691706638,0.03705900638819639,0.07102966609509911,2.5935700101814843e-06,0.18657036886025585
Fortunate,150,147,0.0387787718176378,0.1422107569668727,1.0836308229069043e-06,0.5779758389208643,0.043056536055790795,0.06554709400388188,0.2943980928832934,0.12190595425574535
Nice,36,24,0.04793281527236102,0.12479237358156554,0.0012812286451690427,0.8920910523182443,-0.10099253198131915,0.09384762928735392,4.335318116042026e-07,1.5004098266854322
Other,30,39,0.045600790157914135,0.15016387610763887,0.00011112005651642722,0.9974796513663655,-0.10226556528359651,0.09832033009517442,5.248297261879992e-09,1.626474846615461
Pa_Gain,36,51,0.011482228842442552,0.11980258340987543,0.0004791304721059524,0.7907439163224458,0.0667848561367908,0.05829999988125939,0.8524972004787461,-0.04059773035904616
Selfish,1410,1179,0.01083052276364729,0.18688551552184365,8.0779492732575e-150,1.100339618706371,0.0340496772621456,0.07080759687057006,3.3480664222255968e-06,0.1838383270682567
Silent,12,24,0.004864846181237355,0.04789085746290442,0.5139864758769999,0.23318568759040326,0.06210834176924818,-0.0024821262577454928,0.5402739254656527,-0.21872361294959003
Unfortunate,111,90,0.03840563245187516,0.10652114373374892,0.018482683037866637,0.33693127570188397,0.08153538247391293,0.06628309625092786,0.6077472865358309,-0.07292378256219113
